Event Name,Opening,Individual Dates and Times,Show Notes,Total Events,Piano Tuning?,Series,Venue,Staff,After Today,Within Next Quarter,Within Next Month,Parsed Date,Parsed Time,Status
Broadway Camp Showz! (2025),6/23/2025,"Performance: Friday, June 27, 2024 at 4:00pm",,6,FALSE,Education,Main Stage,,FALSE,TRUE,TRUE,06/27/2024,4:00 PM,Success
Pictures on the Plaza: The Princess Bride,6/11/2025,"Wednesday, June 11, 2025 at 8:30pm",,1,FALSE,Cinema,Plaza,,FALSE,TRUE,TRUE,06/11/2025,8:30 PM,Success
Broadway Camp! (2025),6/16/2025,"Monday, June 16, 2025 at 8:30am–11:30am",,5,FALSE,Education,Theatre 166,,FALSE,TRUE,TRUE,06/16/2025,8:30 AM,Success
Broadway Camp! (2025),6/16/2025,"Tuesday, June 17, 2025 at 8:30am–11:30am",,5,FALSE,Education,Theatre 166,,FALSE,TRUE,TRUE,06/17/2025,8:30 AM,Success
Broadway Camp! (2025),6/16/2025,"Wednesday, June 18, 2025 at 8:30am–11:30am",,5,FALSE,Education,Theatre 166,,FALSE,TRUE,TRUE,06/18/2025,8:30 AM,Success
Miss Ohio Scholarship Program (2025),6/18/2025,"Wednesday, June 18, 2025 at 7:00pm",,4,FALSE,Rental,Main Stage,,FALSE,TRUE,TRUE,06/18/2025,7:00 PM,Success
Miss Ohio Scholarship Program (2025),6/18/2025,"Thursday, June 19, 2025 at 7:00pm",,4,FALSE,Rental,Main Stage,,FALSE,TRUE,TRUE,06/19/2025,7:00 PM,Success
Broadway Camp! (2025),6/16/2025,"Friday, June 20, 2025 at 8:30am–12:00pm",,5,FALSE,Education,Theatre 166,,FALSE,TRUE,TRUE,06/20/2025,8:30 AM,Success
Broadway Camp! (2025),6/16/2025,"Performance: Friday, June 20, 2025 at 12:00pm",,5,FALSE,Education,Theatre 166,,FALSE,TRUE,TRUE,06/20/2025,12:00 PM,Success
Miss Ohio Scholarship Program (2025),6/18/2025,"Friday, June 20, 2025 at 7:00pm",,4,FALSE,Rental,Main Stage,,FALSE,TRUE,TRUE,06/20/2025,7:00 PM,Success
Miss Ohio Scholarship Program (2025),6/18/2025,"Saturday, June 21, 2025 at 7:00pm",,4,FALSE,Rental,Main Stage,,FALSE,TRUE,TRUE,06/21/2025,7:00 PM,Success
Broadway Camp Showz! (2025),6/23/2025,"Monday, June 23, 2025 at 8:30am–2:30pm",,6,FALSE,Education,Main Stage,,FALSE,TRUE,TRUE,06/23/2025,8:30 AM,Success
Broadway Camp Showz! (2025),6/23/2025,"Tuesday, June 24, 2025 at 8:30am–2:30pm",,6,FALSE,Education,Main Stage,,FALSE,TRUE,TRUE,06/24/2025,8:30 AM,Success
Broadway Camp Showz! (2025),6/23/2025,"Wednesday, June 25, 2025 at 8:30am–2:30pm",,6,FALSE,Education,Main Stage,,FALSE,TRUE,TRUE,06/25/2025,8:30 AM,Success
Broadway Camp Showz! (2025),6/23/2025,"Thursday, June 26, 2025 at 8:30am–2:30pm",,6,FALSE,Education,Main Stage,,FALSE,TRUE,TRUE,06/26/2025,8:30 AM,Success
Broadway Camp Showz! (2025),6/23/2025,"Friday, June 27, 2025 at 8:30am–4:00pm",,6,FALSE,Education,Main Stage,,FALSE,TRUE,TRUE,06/27/2025,8:30 AM,Success
RYOT: 1001 Arabian Nights,6/28/2025,"Saturday, June 28, 2025 at 2:00pm",,4,FALSE,Education,Theatre 166,,FALSE,TRUE,TRUE,06/28/2025,2:00 PM,Success
RYOT: 1001 Arabian Nights,6/28/2025,"Saturday, June 28, 2025 at 7:00pm",,4,FALSE,Education,Theatre 166,,FALSE,TRUE,TRUE,06/28/2025,7:00 PM,Success
RYOT: 1001 Arabian Nights,6/28/2025,"Sunday, June 29, 2025 at 1:00pm",,4,FALSE,Education,Theatre 166,,FALSE,TRUE,TRUE,06/29/2025,1:00 PM,Success
RYOT: 1001 Arabian Nights,6/28/2025,"Sunday, June 29, 2025 at 4:00pm",,4,FALSE,Education,Theatre 166,,FALSE,TRUE,TRUE,06/29/2025,4:00 PM,Success
Pictures on the Plaza: The Sandlot,7/9/2025,"Wednesday, July 9, 2025 at 8:30pm",,1,FALSE,Cinema,Plaza,,FALSE,TRUE,TRUE,07/09/2025,8:30 PM,Success
The Wizard of Oz,7/26/2025,"Saturday, July 26, 2025 at 7:30pm",,4,FALSE,Broadway,Main Stage,,FALSE,TRUE,TRUE,07/26/2025,7:30 PM,Success
The Wizard of Oz,7/26/2025,"Sunday, July 27, 2025 at 2:30pm",,4,FALSE,Broadway,Main Stage,,FALSE,TRUE,TRUE,07/27/2025,2:30 PM,Success
The Wizard of Oz,7/26/2025,"Saturday, August 2, 2025 at 7:30pm",,4,FALSE,Broadway,Main Stage,,FALSE,TRUE,TRUE,08/02/2025,7:30 PM,Success
The Wizard of Oz,7/26/2025,"Sunday, August 3, 2025 at 2:30pm",,4,FALSE,Broadway,Main Stage,,FALSE,TRUE,TRUE,08/03/2025,2:30 PM,Success
Kennedy Center Summer Institute,8/6/2025,(9:00am–12:00pm for K–2 Teachers),,2,FALSE,Education,Ballroom,,FALSE,TRUE,TRUE,08/06/2025,Manual Fix,Check
Kennedy Center Summer Institute,8/6/2025,(1:00pm–4:00pm for 3–8 Teachers),,2,FALSE,Education,Ballroom,,FALSE,TRUE,TRUE,08/06/2025,Manual Fix,Check
Kennedy Center Summer Institute,8/6/2025,"Wednesday, August 6, 2025 at 9:00am",,2,FALSE,Education,Ballroom,,FALSE,TRUE,TRUE,08/06/2025,9:00 AM,Success
Pictures on the Plaza: Paddington 2,8/13/2025,"Wednesday, August 13, 2025 at 8:30pm",,1,FALSE,Cinema,Plaza,,FALSE,TRUE,TRUE,08/13/2025,8:30 PM,Success
"38th Annual T.S.I.A.
(Third Saturday in August)",8/16/2025,"Saturday, August 16, 2025 at 8:00pm",,1,FALSE,Rental,Main Stage,,FALSE,TRUE,TRUE,08/16/2025,8:00 PM,Success
Ghostlight Cabaret: Kelly Knowlton,9/5/2025,"Friday, September 5, 2025 at 7:30pm",,1,FALSE,Innovation,Ghostlight,,FALSE,TRUE,TRUE,09/05/2025,7:30 PM,Success
Mansfield Youth Theatre: Matilda Jr.,9/12/2025,"Friday, September 12, 2025 at 7:00pm",,4,FALSE,Education,Main Stage,,FALSE,TRUE,TRUE,09/12/2025,7:00 PM,Success
Mansfield Youth Theatre: Matilda Jr.,9/12/2025,"Saturday, September 13, 2025 at 1:00pm",,4,FALSE,Education,Main Stage,,FALSE,TRUE,TRUE,09/13/2025,1:00 PM,Success
Mansfield Youth Theatre: Matilda Jr.,9/12/2025,"Saturday, September 13, 2025 at 7:00pm",,4,FALSE,Education,Main Stage,,FALSE,TRUE,TRUE,09/13/2025,7:00 PM,Success
Mansfield Youth Theatre: Matilda Jr.,9/12/2025,"Sunday, September 14, 2025 at 2:30pm",,4,FALSE,Education,Main Stage,,FALSE,TRUE,TRUE,09/14/2025,2:30 PM,Success
"Mansfield Symphony:
Classical Mansfield
—A Free Community Concert",9/20/2025,"Saturday, September 20, 2025 at 7:30pm",,1,FALSE,Symphony,Main Stage,,FALSE,TRUE,TRUE,09/20/2025,7:30 PM,Success
FJ: A Tribute to Foreigner & Journey,9/26/2025,"Friday, September 26, 2025 at 7:30pm",,1,FALSE,Concert,Main Stage,,FALSE,TRUE,TRUE,09/26/2025,7:30 PM,Success
"Kaleidoscope Series
presents Dr. Lerone Martin",10/2/2025,"Thursday, October 2, 2025 at 5:30pm",,1,FALSE,Kaleidoscope,Main Stage,,FALSE,TRUE,TRUE,10/02/2025,5:30 PM,Success
Dracula,10/3/2025,"Friday, October 3, 2025 at 7:30pm",,9,FALSE,Innovation,Theatre 166,,FALSE,TRUE,TRUE,10/03/2025,7:30 PM,Success
Dracula,10/3/2025,"Saturday, October 4, 2025 at 7:30pm",,9,FALSE,Innovation,Theatre 166,,FALSE,TRUE,TRUE,10/04/2025,7:30 PM,Success
Are You Ready For It? A Taylor Experience,10/4/2025,"Saturday, October 4, 2025 at 7:30pm",,1,FALSE,Concert,Main Stage,,FALSE,TRUE,TRUE,10/04/2025,7:30 PM,Success
Dracula,10/3/2025,"Sunday, October 5, 2025 at 2:30pm",,9,FALSE,Innovation,Theatre 166,,FALSE,TRUE,TRUE,10/05/2025,2:30 PM,Success
“Differentiating Literacy Learning Through Storytelling” with Sherry Norfolk,10/7/2025,"Tuesday, October 7, 2025 at 4:30pm",,1,FALSE,Education,Ballroom,,FALSE,TRUE,TRUE,10/07/2025,4:30 PM,Success
Dracula,10/3/2025,"Thursday, October 9, 2025 at 7:30pm",,9,FALSE,Innovation,Theatre 166,,FALSE,TRUE,TRUE,10/09/2025,7:30 PM,Success
Dracula,10/3/2025,"Friday, October 10, 2025 at 7:30pm",,9,FALSE,Innovation,Theatre 166,,FALSE,TRUE,TRUE,10/10/2025,7:30 PM,Success
"Teddy Bear Concert:
The Three Little Wolves",10/11/2025,"Saturday, October 11, 2025 at 2:30pm",,1,FALSE,Education,Library,,FALSE,TRUE,TRUE,10/11/2025,2:30 PM,Success
Dracula,10/3/2025,"Saturday, October 11, 2025 at 4:30pm",,9,FALSE,Innovation,Theatre 166,,FALSE,TRUE,TRUE,10/11/2025,4:30 PM,Success
Dracula,10/3/2025,"Saturday, October 11, 2025 at 7:30pm",,9,FALSE,Innovation,Theatre 166,,FALSE,TRUE,TRUE,10/11/2025,7:30 PM,Success
"To The Limit:
The Ultimate Eagles Experience",10/11/2025,"Saturday, October 11, 2025 at 7:30pm",,1,FALSE,Concert,Main Stage,,FALSE,TRUE,TRUE,10/11/2025,7:30 PM,Success
Dracula,10/3/2025,"Saturday, October 11, 2025 at 10:30pm",,9,FALSE,Innovation,Theatre 166,,FALSE,TRUE,TRUE,10/11/2025,10:30 PM,Success
Dracula,10/3/2025,"Sunday, October 12, 2025 at 2:30pm",,9,FALSE,Innovation,Theatre 166,,FALSE,TRUE,TRUE,10/12/2025,2:30 PM,Success
"Carnegie Hall's Link Up
""The Orchestra Swings""",10/16/2025,"Thursday, October 16, 2025 at 9:45am",,2,FALSE,Education,Main Stage,,FALSE,TRUE,TRUE,10/16/2025,9:45 AM,Success
"Carnegie Hall's Link Up
""The Orchestra Swings""",10/16/2025,"Thursday October 16, 2025 at 11:45am",,2,FALSE,Education,Main Stage,,FALSE,TRUE,TRUE,10/16/2025,11:45 AM,Success
"Mansfield Symphony:
The Magical Music of Harry Potter",10/19/2025,"Sunday, October 19, 2025 at 2:30pm",,1,FALSE,Symphony,Main Stage,,FALSE,TRUE,TRUE,10/19/2025,2:30 PM,Success
"Film: Nosferatu (1922)
Featuring the Mighty Wurlitzer Organ",10/24/2025,"Friday, October 24, 2025 at 7:30pm",,1,FALSE,Spotlight,Main Stage,,FALSE,TRUE,TRUE,10/24/2025,7:30 PM,Success
iLuminate,10/25/2025,"Saturday, October 25, 2025 at 7:30pm",,1,FALSE,Spotlight,Main Stage,,FALSE,TRUE,TRUE,10/25/2025,7:30 PM,Success
Film: The Rocky Horror Picture Show,10/31/2025,"Friday, October 31, 2025 at 10:00pm",,1,FALSE,Spotlight,Main Stage,,FALSE,TRUE,TRUE,10/31/2025,10:00 PM,Success
"Kaleidoscope Series
presents Mya Frazier",11/6/2025,"Thursday, November 6, 2025 at 5:30pm",,1,FALSE,Kaleidoscope,Main Stage,,FALSE,TRUE,TRUE,11/06/2025,5:30 PM,Success
"Ghostlight Cabaret:
Condrea Mason & Alice Bond
—Ain’t No Mountain High Enough",11/7/2025,"Friday, November 7, 2025 at 7:30pm",,1,FALSE,Innovation,Ghostlight,,FALSE,TRUE,TRUE,11/07/2025,7:30 PM,Success
"Jim Brickman:
HITS LIVE! and A Little Bit of Christmas",11/8/2025,"Saturday, November 8, 2025 at 7:30pm",,1,FALSE,Concert,Main Stage,,FALSE,TRUE,TRUE,11/08/2025,7:30 PM,Success
Veterans' Salute: A Free Performance with the AFM 159 Concert Band and Mansfield Symphony Chorus,11/9/2025,"Sunday, November 9, 2025 at 2:30pm",,1,FALSE,Special,Main Stage,,FALSE,TRUE,TRUE,11/09/2025,2:30 PM,Success
Crazy Train: America's Ozzy Osbourne Experience,11/14/2025,"Friday, November 14, 2025 at 7:30pm",,1,FALSE,Concert,Main Stage,,FALSE,TRUE,TRUE,11/14/2025,7:30 PM,Success
She Loves Me,11/14/2025,"Friday, November 14, 2025 at 7:30pm",,9,FALSE,Innovation,Theatre 166,,FALSE,TRUE,TRUE,11/14/2025,7:30 PM,Success
She Loves Me,11/14/2025,"Saturday, November 15, 2025 at 7:30pm",,9,FALSE,Innovation,Theatre 166,,FALSE,TRUE,TRUE,11/15/2025,7:30 PM,Success
She Loves Me,11/14/2025,"Sunday, November 16, 2025 at 2:30pm",,9,FALSE,Innovation,Theatre 166,,FALSE,TRUE,TRUE,11/16/2025,2:30 PM,Success
Youth Strings: Fall Concert,11/16/2025,"Sunday, November 16, 2025 at 3:30pm",,1,FALSE,Education,Lex HS,,FALSE,TRUE,TRUE,11/16/2025,3:30 PM,Success
She Loves Me,11/14/2025,"Friday, November 21, 2025 at 7:30pm",,9,FALSE,Innovation,Theatre 166,,FALSE,TRUE,TRUE,11/21/2025,7:30 PM,Success
She Loves Me,11/14/2025,"Saturday, November 22, 2025 at 7:30pm",,9,FALSE,Innovation,Theatre 166,,FALSE,TRUE,TRUE,11/22/2025,7:30 PM,Success
She Loves Me,11/14/2025,"Sunday, November 23, 2025 at 2:30pm",,9,FALSE,Innovation,Theatre 166,,FALSE,TRUE,TRUE,11/23/2025,2:30 PM,Success
She Loves Me,11/14/2025,"Friday, November 28, 2025 at 7:30pm",,9,FALSE,Innovation,Theatre 166,,FALSE,TRUE,TRUE,11/28/2025,7:30 PM,Success
She Loves Me,11/14/2025,"Saturday, November 29, 2025 at 7:30pm",,9,FALSE,Innovation,Theatre 166,,FALSE,TRUE,TRUE,11/29/2025,7:30 PM,Success
She Loves Me,11/14/2025,"Sunday, November 30, 2025 at 2:30pm",,9,FALSE,Innovation,Theatre 166,,FALSE,TRUE,TRUE,11/30/2025,2:30 PM,Success
"Richland Academy of the Arts:
The Nutcracker Ballet",12/5/2025,"Friday, December 5, 2025 at 9:15am",,3,FALSE,Spotlight,Main Stage,,FALSE,TRUE,TRUE,12/05/2025,9:15 AM,Success
"Richland Academy of the Arts:
The Nutcracker Ballet",12/5/2025,"Saturday, December 6, 2025 at 7:30pm",,3,FALSE,Spotlight,Main Stage,,FALSE,TRUE,TRUE,12/06/2025,7:30 PM,Success
"Richland Academy of the Arts:
The Nutcracker Ballet",12/5/2025,"Sunday, December 7, 2025 at 2:30pm",,3,FALSE,Spotlight,Main Stage,,FALSE,TRUE,TRUE,12/07/2025,2:30 PM,Success
"One Night, One Man Christmas Carol featuring Michael Thomas",12/12/2025,"Friday, December 12, 2025 at 7:30pm",,2,FALSE,Innovation,Ghostlight,,FALSE,TRUE,TRUE,12/12/2025,7:30 PM,Success
"We Wish You a Jazzy Christmas
Featuring the Artistic Jazz Orchestra",12/13/2025,"Saturday, December 13, 2025 at 7:30pm",,1,FALSE,Spotlight,Main Stage,,FALSE,TRUE,TRUE,12/13/2025,7:30 PM,Success
Youth Orchestra: Holiday Prelude,12/14/2025,"Sunday, December 14, 2025 at 3:30pm",,1,FALSE,Education,Main Stage,,FALSE,TRUE,TRUE,12/14/2025,3:30 PM,Success
"One Night, One Man Christmas Carol featuring Michael Thomas",12/12/2025,"Thursday, December 18, 2025 at 7:30pm",,2,FALSE,Innovation,Ghostlight,,FALSE,TRUE,TRUE,12/18/2025,7:30 PM,Success
Mansfield Symphony: Holiday Pops,12/20/2025,"Saturday, December 20, 2025 at 7:30pm",2025 Holiday Pops,1,TRUE,Symphony,Main Stage,"Ethan, Jason",FALSE,TRUE,TRUE,12/20/2025,7:30 PM,Success
Emerging Artists: LOVESICK,1/7/2026,"Wednesday, January 7, 2026 at 7:30pm",,1,FALSE,Innovation,Theatre 166,Nik,FALSE,TRUE,TRUE,01/07/2026,7:30 PM,Success
Emerging Artists: Setup,1/6/2026,,,,,,Theatre 166,,TRUE,TRUE,TRUE,01/06/2026,,
Emerging Artists: BEULAH-JOYCE,1/9/2026,"Friday, January 9, 2026 at 7:30pm",,1,FALSE,Innovation,Theatre 166,Nik,FALSE,TRUE,TRUE,01/09/2026,7:30 PM,Success
The Frontmen,1/10/2026,"Saturday, January 10, 2026 at 7:30pm",Frontmen - 1/10/25,1,FALSE,Concert,Main Stage,"Seth, Jason, Noah, Ryan",FALSE,TRUE,TRUE,01/10/2026,7:30 PM,Success
"Emerging Artists:
FLOWERS ON THE MOON",1/16/2026,"Friday, January 16, 2026 at 7:30pm",,1,FALSE,Innovation,Theatre 166,Nik,FALSE,TRUE,TRUE,01/16/2026,7:30 PM,Success
Emerging Artists: SCOUTS,1/21/2026,"Wednesday, January 21, 2026 at 7:30pm",,1,FALSE,Innovation,Theatre 166,Nik,FALSE,TRUE,TRUE,01/21/2026,7:30 PM,Success
Emerging Artists: THREE SEPTEMBERS,1/30/2026,"Friday, January 30, 2026 at 7:30pm",,1,FALSE,Innovation,Theatre 166,Nik,FALSE,TRUE,TRUE,01/30/2026,7:30 PM,Success
RYOT: Showcase (Performance),2/6/2026,"Friday, February 6, 2026 at 7:00pm",RYOT Showcase Feb 2026,2,TRUE,Education,Theatre 166,Seth,FALSE,TRUE,TRUE,02/06/2026,7:00 PM,Success
RYOT: Showcase (Performance),2/6/2026,"Saturday, February 7, 2026 at 7:00pm",RYOT Showcase Feb 2026,2,TRUE,Education,Theatre 166,Seth,FALSE,TRUE,TRUE,02/07/2026,7:00 PM,Success
"Teddy Bear Concert:
Jack and The Beanstalk",2/15/2026,"Sunday, February 15, 2026 at 2:30pm",,1,FALSE,Education,Theatre 166,,FALSE,TRUE,TRUE,02/15/2026,2:30 PM,Success
Improv Underground: Workshop/Classes,2/18/2026,"Wednesday, February 18, 2026 at 4:00pm through Tuesday, April 7, 2026 at 4:00pm",,14,FALSE,Education,Theatre 166,,FALSE,TRUE,TRUE,02/18/2026,4:00 PM,Success
"""Heartworks: Story Crafts and Story-Crafting"" with Lyn Ford",2/19/2026,"Thursday, February 19, 2026 at 4:30pm",,1,FALSE,Education,Ballroom,,FALSE,TRUE,TRUE,02/19/2026,4:30 PM,Success
A Funny Thing Happened on the Way to the Forum,2/21/2026,"Saturday, February 21, 2026 at 7:30pm",04 A Funny Thing Happened on the Way to the Forum,5,FALSE,Broadway,Main Stage,"Seth, Nik, Ethan, Jason, Noah, Linda, Ryan",FALSE,TRUE,TRUE,02/21/2026,7:30 PM,Success
A Funny Thing Happened on the Way to the Forum,2/21/2026,"Sunday, February 22, 2026 at 2:30pm",04 A Funny Thing Happened on the Way to the Forum,5,FALSE,Broadway,Main Stage,"Seth, Nik, Ethan, Jason, Noah, Linda, Ryan",FALSE,TRUE,TRUE,02/22/2026,2:30 PM,Success
A Funny Thing Happened on the Way to the Forum,2/21/2026,"Friday, February 27, 2026 at 7:30pm",04 A Funny Thing Happened on the Way to the Forum,5,FALSE,Broadway,Main Stage,"Seth, Nik, Ethan, Jason, Noah, Linda, Ryan",FALSE,TRUE,TRUE,02/27/2026,7:30 PM,Success
A Funny Thing Happened on the Way to the Forum,2/21/2026,"Saturday, February 28, 2026 at 7:30pm",04 A Funny Thing Happened on the Way to the Forum,5,FALSE,Broadway,Main Stage,"Seth, Nik, Ethan, Jason, Noah, Linda, Ryan",FALSE,TRUE,TRUE,02/28/2026,7:30 PM,Success
A Funny Thing Happened on the Way to the Forum,2/21/2026,"Sunday, March 1, 2026 at 2:30pm",04 A Funny Thing Happened on the Way to the Forum,5,FALSE,Broadway,Main Stage,"Seth, Nik, Ethan, Jason, Noah, Linda, Ryan",FALSE,TRUE,TRUE,03/01/2026,2:30 PM,Success
CTF-Cat Kid Comic Club,3/3/2026,"Tuesday, March 3, 2026 at 9:45am",Cat Kid Comic Club 24 Tech Riders,2,FALSE,Rental,Main Stage,,FALSE,TRUE,TRUE,03/03/2026,9:45 AM,Success
CTF-Cat Kid Comic Club,3/3/2026,"Tuesday, March 3, 2026 at 12:30pm",Cat Kid Comic Club 24 Tech Riders,2,FALSE,Rental,Main Stage,,FALSE,TRUE,TRUE,03/03/2026,12:30 PM,Success
Ghostlight Cabaret: Jacob Poiner & Friends,3/6/2026,"Friday, March 6, 2026 at 7:30pm",,1,FALSE,Innovation,Ghostlight,Ethan,FALSE,TRUE,TRUE,03/06/2026,7:30 PM,Success
Celtic Angels Ireland,3/7/2026,"Saturday, March 7, 2026 at 7:30pm",,1,FALSE,Spotlight,Main Stage,"Seth, Nik, Ethan, Jason, Noah, Ryan",FALSE,TRUE,TRUE,03/07/2026,7:30 PM,Success
"Mansfield Symphony: Side×Side
—A Night at the Oscars",3/14/2026,"Saturday, March 14, 2026 at 7:30pm",,1,TRUE,Symphony,Main Stage,Seth,FALSE,TRUE,TRUE,03/14/2026,7:30 PM,Success
Special Concert TBD,3/21/2026,"Saturday, March 21, 2026 at 7:30pm",,1,FALSE,Concert,Main Stage,,FALSE,TRUE,TRUE,03/21/2026,7:30 PM,Success
"Mansfield Youth Theatre: Shrek, Jr.",3/27/2026,"Friday, March 27, 2026 at 7:00pm",MY Shrek Jr,4,FALSE,Education,Main Stage,,FALSE,TRUE,TRUE,03/27/2026,7:00 PM,Success
"Mansfield Youth Theatre: Shrek, Jr.",3/27/2026,"Saturday, March 28, 2026 at 1:00pm",MY Shrek Jr,4,FALSE,Education,Main Stage,,FALSE,TRUE,TRUE,03/28/2026,1:00 PM,Success
"Mansfield Youth Theatre: Shrek, Jr.",3/27/2026,"Saturday, March 28, 2026 at 7:00pm",MY Shrek Jr,4,FALSE,Education,Main Stage,,FALSE,TRUE,TRUE,03/28/2026,7:00 PM,Success
"Mansfield Youth Theatre: Shrek, Jr.",3/27/2026,"Sunday, March 29, 2026 at 2:30pm",MY Shrek Jr,4,FALSE,Education,Main Stage,,FALSE,TRUE,TRUE,03/29/2026,2:30 PM,Success
"Improv Underground: ""Open Mic"" Night (Performance)",4/8/2026,"Wednesday, April 8, 2026 at 7:00pm",,1,FALSE,Education,Theatre 166,,FALSE,TRUE,TRUE,04/08/2026,7:00 PM,Success
Ghostlight Cabaret: Randy & Sandy with Special Guest Maddie Penwell,4/10/2026,"Friday, April 10, 2026 at 7:30pm",,1,FALSE,Innovation,Ghostlight,,FALSE,TRUE,TRUE,04/10/2026,7:30 PM,Success
"""Engaging the Whole Child the Whole Way Through"" with Randy Barron",4/22/2026,"Wednesday, April 22, 2026 at 4:30pm",,1,FALSE,Education,Ballroom,,FALSE,TRUE,TRUE,04/22/2026,4:30 PM,Success
Mamma Mia!,4/25/2026,"Saturday, April 25, 2026 at 7:30pm",05 Mamma Mia,5,FALSE,Broadway,Main Stage,,FALSE,TRUE,TRUE,04/25/2026,7:30 PM,Success
Mamma Mia!,4/25/2026,"Sunday, April 26, 2026 at 2:30pm",05 Mamma Mia,5,FALSE,Broadway,Main Stage,,FALSE,TRUE,TRUE,04/26/2026,2:30 PM,Success
"Teddy Bear Concert:
Goldilocks and The Three Bears",4/26/2026,"Sunday, April 26, 2026 at 2:30pm",,1,FALSE,Education,Theatre 166,,FALSE,TRUE,TRUE,04/26/2026,2:30 PM,Success
Mamma Mia!,4/25/2026,"Friday, May 1, 2026 at 7:30pm",05 Mamma Mia,5,FALSE,Broadway,Main Stage,,FALSE,TRUE,TRUE,05/01/2026,7:30 PM,Success
Mamma Mia!,4/25/2026,"Saturday, May 2, 2026 at 7:30pm",05 Mamma Mia,5,FALSE,Broadway,Main Stage,,FALSE,TRUE,TRUE,05/02/2026,7:30 PM,Success
Mamma Mia!,4/25/2026,"Sunday, May 3, 2026 at 2:30pm",05 Mamma Mia,5,FALSE,Broadway,Main Stage,,FALSE,TRUE,TRUE,05/03/2026,2:30 PM,Success
MindSprouts Showcase,5/7/2026,"Thursday, May 7, 2026 at 7:00pm",,1,FALSE,Education,Theatre 166,,FALSE,TRUE,TRUE,05/07/2026,7:00 PM,Success
"Mansfield Symphony:
Star Wars and The Planets",5/16/2026,"Saturday, May 16, 2026 at 7:30pm",,1,TRUE,Symphony,Main Stage,,FALSE,TRUE,TRUE,05/16/2026,7:30 PM,Success
"Youth Orchestra & Strings:
Spring Concert",5/17/2026,"Sunday, May 17, 2026 at 3:30pm",,1,TRUE,Education,Main Stage,,FALSE,TRUE,TRUE,05/17/2026,3:30 PM,Success
Lizzie,5/29/2026,"Friday, May 29, 2026 at 7:30pm",06 Lizzie,6,TRUE,Innovation,Theatre 166,,FALSE,TRUE,TRUE,05/29/2026,7:30 PM,Success
Lizzie,5/29/2026,"Saturday, May 30, 2026 at 7:30pm",06 Lizzie,6,TRUE,Innovation,Theatre 166,,FALSE,TRUE,TRUE,05/30/2026,7:30 PM,Success
Lizzie,5/29/2026,"Sunday, May 31, 2026 at 2:30pm",06 Lizzie,6,TRUE,Innovation,Theatre 166,,FALSE,TRUE,TRUE,05/31/2026,2:30 PM,Success
Lizzie,5/29/2026,"Friday, June 5, 2026 at 7:30pm",06 Lizzie,6,TRUE,Innovation,Theatre 166,,FALSE,TRUE,TRUE,06/05/2026,7:30 PM,Success
Lizzie,5/29/2026,"Saturday, June 6, 2026 at 7:30pm",06 Lizzie,6,TRUE,Innovation,Theatre 166,,FALSE,TRUE,TRUE,06/06/2026,7:30 PM,Success
Lizzie,5/29/2026,"Sunday, June 7, 2026 at 2:30pm",06 Lizzie,6,TRUE,Innovation,Theatre 166,,FALSE,TRUE,TRUE,06/07/2026,2:30 PM,Success
Broadway Camp! (2026),6/15/2026,"Monday, June 15, 2026 at 8:30am–11:30am",,5,FALSE,Education,Theatre 166,,FALSE,TRUE,TRUE,06/15/2026,8:30 AM,Success
Broadway Camp! (2026),6/15/2026,"Tuesday, June 16, 2026 at 8:30am–11:30am",,5,FALSE,Education,Theatre 166,,FALSE,TRUE,TRUE,06/16/2026,8:30 AM,Success
Broadway Camp! (2026),6/15/2026,"Wednesday, June 17, 2026 at 8:30am–11:30am",,5,FALSE,Education,Theatre 166,,FALSE,TRUE,TRUE,06/17/2026,8:30 AM,Success
Broadway Camp! (2026),6/15/2026,"Thursday, June 18, 2026 at 8:30am–12:00pm",,5,FALSE,Education,Theatre 166,,FALSE,TRUE,TRUE,06/18/2026,8:30 AM,Success
Broadway Camp! (2026),6/15/2026,"Thursday, June 18, 2026 at 12:00pm",,5,FALSE,Education,Theatre 166,,FALSE,TRUE,TRUE,06/18/2026,12:00 PM,Success
Mansfield Symphony: 1776,6/20/2026,"Saturday, June 20, 2026 at 7:30pm",07 1776,1,FALSE,Symphony,TBD,,FALSE,TRUE,TRUE,06/20/2026,7:30 PM,Success
Broadway Camp Showz! (2026),6/22/2026,"Monday, June 22, 2026 at 8:30am–2:30pm",,6,FALSE,Education,Main Stage,,FALSE,TRUE,TRUE,06/22/2026,8:30 AM,Success
Broadway Camp Showz! (2026),6/22/2026,"Tuesday, June 23, 2026 at 8:30am–2:30pm",,6,FALSE,Education,Main Stage,,FALSE,TRUE,TRUE,06/23/2026,8:30 AM,Success
Broadway Camp Showz! (2026),6/22/2026,"Wednesday, June 24, 2026 at 8:30am–2:30pm",,6,FALSE,Education,Main Stage,,FALSE,TRUE,TRUE,06/24/2026,8:30 AM,Success
Broadway Camp Showz! (2026),6/22/2026,"Thursday, June 25, 2026 at 8:30am–2:30pm",,6,FALSE,Education,Main Stage,,FALSE,TRUE,TRUE,06/25/2026,8:30 AM,Success
Broadway Camp Showz! (2026),6/22/2026,"Friday, June 26, 2026 at 8:30am–4:00pm",,6,FALSE,Education,Main Stage,,FALSE,TRUE,TRUE,06/26/2026,8:30 AM,Success
Broadway Camp Showz! (2026),6/22/2026,"Friday, June 26, 2026 at 4:00pm",,6,FALSE,Education,Main Stage,,FALSE,TRUE,TRUE,06/26/2026,4:00 PM,Success
RYOT: Gilbert and Sullivan's H. M. S. Pinafore,6/27/2026,"Saturday, June 27, 2026 at 2:00pm",,4,TRUE,Education,Theatre 166,,FALSE,TRUE,TRUE,06/27/2026,2:00 PM,Success
RYOT: Gilbert and Sullivan's H. M. S. Pinafore,6/27/2026,"Saturday, June 27, 2026 at 7:00pm",,4,TRUE,Education,Theatre 166,,FALSE,TRUE,TRUE,06/27/2026,7:00 PM,Success
RYOT: Gilbert and Sullivan's H. M. S. Pinafore,6/27/2026,"Sunday, June 28, 2026 at 1:00pm",,4,TRUE,Education,Theatre 166,,FALSE,TRUE,TRUE,06/28/2026,1:00 PM,Success
RYOT: Gilbert and Sullivan's H. M. S. Pinafore,6/27/2026,"Sunday, June 28, 2026 at 4:00pm",,4,TRUE,Education,Theatre 166,,FALSE,TRUE,TRUE,06/28/2026,4:00 PM,Success
RYOT: Workshop (Classes),1/6/2026,"Tuesday, January 6, 2026",RYOT Showcase Feb 2026,TBD,TRUE,Education,Theatre 166,,TRUE,FALSE,FALSE,Manual Fix,Manual Fix,Check
RYOT: Workshop (Classes),1/6/2026,"through Thursday, February 5, 2026",RYOT Showcase Feb 2026,TBD,TRUE,Education,Theatre 166,,TRUE,FALSE,FALSE,Manual Fix,Manual Fix,Check
,,,,,FALSE,,,,FALSE,TRUE,TRUE,,,
,,,,,FALSE,,,,FALSE,TRUE,TRUE,,,
,,,,,FALSE,,,,FALSE,TRUE,TRUE,,,
,,,,,FALSE,,,,FALSE,TRUE,TRUE,,,
,,,,,FALSE,,,,FALSE,TRUE,TRUE,,,
,,,,,FALSE,,,,FALSE,TRUE,TRUE,,,
,,,,,FALSE,,,,FALSE,TRUE,TRUE,,,
,,,,,FALSE,,,,FALSE,TRUE,TRUE,,,
,,,,,FALSE,,,,FALSE,TRUE,TRUE,,,
,,,,,FALSE,,,,FALSE,TRUE,TRUE,,,
,,,,,FALSE,,,,FALSE,TRUE,TRUE,,,
,,,,,FALSE,,,,FALSE,TRUE,TRUE,,,
,,,,,FALSE,,,,FALSE,TRUE,TRUE,,,
,,,,,FALSE,,,,FALSE,TRUE,TRUE,,,
,,,,,FALSE,,,,FALSE,TRUE,TRUE,,,
,,,,,FALSE,,,,FALSE,TRUE,TRUE,,,
,,,,,FALSE,,,,FALSE,TRUE,TRUE,,,
,,,,,FALSE,,,,FALSE,TRUE,TRUE,,,
,,,,,FALSE,,,,FALSE,TRUE,TRUE,,,
,,,,,FALSE,,,,FALSE,TRUE,TRUE,,,
,,,,,FALSE,,,,FALSE,TRUE,TRUE,,,
,,,,,FALSE,,,,FALSE,TRUE,TRUE,,,
,,,,,FALSE,,,,FALSE,TRUE,TRUE,,,
,,,,,FALSE,,,,FALSE,TRUE,TRUE,,,
,,,,,FALSE,,,,FALSE,TRUE,TRUE,,,
,,,,,FALSE,,,,FALSE,TRUE,TRUE,,,
,,,,,FALSE,,,,FALSE,TRUE,TRUE,,,
,,,,,FALSE,,,,FALSE,TRUE,TRUE,,,
,,,,,FALSE,,,,FALSE,TRUE,TRUE,,,
,,,,,FALSE,,,,FALSE,TRUE,TRUE,,,
,,,,,FALSE,,,,FALSE,TRUE,TRUE,,,
,,,,,FALSE,,,,FALSE,TRUE,TRUE,,,
,,,,,FALSE,,,,FALSE,TRUE,TRUE,,,
,,,,,FALSE,,,,FALSE,TRUE,TRUE,,,
,,,,,FALSE,,,,FALSE,TRUE,TRUE,,,
,,,,,FALSE,,,,FALSE,TRUE,TRUE,,,
,,,,,FALSE,,,,FALSE,TRUE,TRUE,,,
,,,,,FALSE,,,,FALSE,TRUE,TRUE,,,
,,,,,FALSE,,,,FALSE,TRUE,TRUE,,,
,,,,,FALSE,,,,FALSE,TRUE,TRUE,,,
,,,,,FALSE,,,,FALSE,TRUE,TRUE,,,
,,,,,FALSE,,,,FALSE,TRUE,TRUE,,,
,,,,,FALSE,,,,FALSE,TRUE,TRUE,,,
,,,,,FALSE,,,,FALSE,TRUE,TRUE,,,
,,,,,FALSE,,,,FALSE,TRUE,TRUE,,,
,,,,,FALSE,,,,FALSE,TRUE,TRUE,,,
,,,,,FALSE,,,,FALSE,TRUE,TRUE,,,
,,,,,FALSE,,,,FALSE,TRUE,TRUE,,,
,,,,,FALSE,,,,FALSE,TRUE,TRUE,,,
,,,,,FALSE,,,,FALSE,TRUE,TRUE,,,
,,,,,FALSE,,,,FALSE,TRUE,TRUE,,,
,,,,,FALSE,,,,FALSE,TRUE,TRUE,,,
,,,,,FALSE,,,,FALSE,TRUE,TRUE,,,
,,,,,FALSE,,,,FALSE,TRUE,TRUE,,,
,,,,,FALSE,,,,FALSE,TRUE,TRUE,,,
,,,,,FALSE,,,,FALSE,TRUE,TRUE,,,
,,,,,FALSE,,,,FALSE,TRUE,TRUE,,,
,,,,,FALSE,,,,FALSE,TRUE,TRUE,,,
,,,,,FALSE,,,,FALSE,TRUE,TRUE,,,
,,,,,FALSE,,,,FALSE,TRUE,TRUE,,,
,,,,,FALSE,,,,FALSE,TRUE,TRUE,,,
,,,,,FALSE,,,,FALSE,TRUE,TRUE,,,
,,,,,FALSE,,,,FALSE,TRUE,TRUE,,,
,,,,,FALSE,,,,FALSE,TRUE,TRUE,,,
,,,,,FALSE,,,,FALSE,TRUE,TRUE,,,
,,,,,FALSE,,,,FALSE,TRUE,TRUE,,,
,,,,,FALSE,,,,FALSE,TRUE,TRUE,,,
,,,,,FALSE,,,,FALSE,TRUE,TRUE,,,
,,,,,FALSE,,,,FALSE,TRUE,TRUE,,,
,,,,,FALSE,,,,FALSE,TRUE,TRUE,,,
,,,,,FALSE,,,,FALSE,TRUE,TRUE,,,
,,,,,FALSE,,,,FALSE,TRUE,TRUE,,,
,,,,,FALSE,,,,FALSE,TRUE,TRUE,,,
,,,,,FALSE,,,,FALSE,TRUE,TRUE,,,
,,,,,FALSE,,,,FALSE,TRUE,TRUE,,,
,,,,,FALSE,,,,FALSE,TRUE,TRUE,,,
,,,,,FALSE,,,,FALSE,TRUE,TRUE,,,
,,,,,FALSE,,,,FALSE,TRUE,TRUE,,,
,,,,,FALSE,,,,FALSE,TRUE,TRUE,,,
,,,,,FALSE,,,,FALSE,TRUE,TRUE,,,
,,,,,FALSE,,,,FALSE,TRUE,TRUE,,,
,,,,,FALSE,,,,FALSE,TRUE,TRUE,,,
,,,,,FALSE,,,,FALSE,TRUE,TRUE,,,
,,,,,FALSE,,,,FALSE,TRUE,TRUE,,,
,,,,,FALSE,,,,FALSE,TRUE,TRUE,,,
,,,,,FALSE,,,,FALSE,TRUE,TRUE,,,
,,,,,FALSE,,,,FALSE,TRUE,TRUE,,,
,,,,,FALSE,,,,FALSE,TRUE,TRUE,,,
,,,,,FALSE,,,,FALSE,TRUE,TRUE,,,
,,,,,FALSE,,,,FALSE,TRUE,TRUE,,,
,,,,,FALSE,,,,FALSE,TRUE,TRUE,,,
,,,,,FALSE,,,,FALSE,TRUE,TRUE,,,
,,,,,FALSE,,,,FALSE,TRUE,TRUE,,,
,,,,,FALSE,,,,FALSE,TRUE,TRUE,,,
,,,,,FALSE,,,,FALSE,TRUE,TRUE,,,
,,,,,FALSE,,,,FALSE,TRUE,TRUE,,,
,,,,,FALSE,,,,FALSE,TRUE,TRUE,,,
,,,,,FALSE,,,,FALSE,TRUE,TRUE,,,
,,,,,FALSE,,,,FALSE,TRUE,TRUE,,,
,,,,,FALSE,,,,FALSE,TRUE,TRUE,,,
,,,,,FALSE,,,,FALSE,TRUE,TRUE,,,
,,,,,FALSE,,,,FALSE,TRUE,TRUE,,,
,,,,,FALSE,,,,FALSE,TRUE,TRUE,,,
,,,,,FALSE,,,,FALSE,TRUE,TRUE,,,
,,,,,FALSE,,,,FALSE,TRUE,TRUE,,,
,,,,,FALSE,,,,FALSE,TRUE,TRUE,,,
,,,,,FALSE,,,,FALSE,TRUE,TRUE,,,
,,,,,FALSE,,,,FALSE,TRUE,TRUE,,,
,,,,,FALSE,,,,FALSE,TRUE,TRUE,,,
,,,,,FALSE,,,,FALSE,TRUE,TRUE,,,
,,,,,FALSE,,,,FALSE,TRUE,TRUE,,,
,,,,,FALSE,,,,FALSE,TRUE,TRUE,,,
,,,,,FALSE,,,,FALSE,TRUE,TRUE,,,
,,,,,FALSE,,,,FALSE,TRUE,TRUE,,,
,,,,,FALSE,,,,FALSE,TRUE,TRUE,,,
,,,,,FALSE,,,,FALSE,TRUE,TRUE,,,
,,,,,FALSE,,,,FALSE,TRUE,TRUE,,,
,,,,,FALSE,,,,FALSE,TRUE,TRUE,,,
,,,,,FALSE,,,,FALSE,TRUE,TRUE,,,
,,,,,FALSE,,,,FALSE,TRUE,TRUE,,,
,,,,,FALSE,,,,FALSE,TRUE,TRUE,,,
,,,,,FALSE,,,,FALSE,TRUE,TRUE,,,
,,,,,FALSE,,,,FALSE,TRUE,TRUE,,,
,,,,,FALSE,,,,FALSE,TRUE,TRUE,,,
,,,,,FALSE,,,,FALSE,TRUE,TRUE,,,
,,,,,FALSE,,,,FALSE,TRUE,TRUE,,,
,,,,,FALSE,,,,FALSE,TRUE,TRUE,,,
,,,,,FALSE,,,,FALSE,TRUE,TRUE,,,
,,,,,FALSE,,,,FALSE,TRUE,TRUE,,,
,,,,,FALSE,,,,FALSE,TRUE,TRUE,,,
,,,,,FALSE,,,,FALSE,TRUE,TRUE,,,
,,,,,FALSE,,,,FALSE,TRUE,TRUE,,,
,,,,,FALSE,,,,FALSE,TRUE,TRUE,,,
,,,,,FALSE,,,,FALSE,TRUE,TRUE,,,
,,,,,FALSE,,,,FALSE,TRUE,TRUE,,,
,,,,,FALSE,,,,FALSE,TRUE,TRUE,,,
,,,,,FALSE,,,,FALSE,TRUE,TRUE,,,
,,,,,FALSE,,,,FALSE,TRUE,TRUE,,,
,,,,,FALSE,,,,FALSE,TRUE,TRUE,,,
,,,,,FALSE,,,,FALSE,TRUE,TRUE,,,
,,,,,FALSE,,,,FALSE,TRUE,TRUE,,,
,,,,,FALSE,,,,FALSE,TRUE,TRUE,,,
,,,,,FALSE,,,,FALSE,TRUE,TRUE,,,
,,,,,FALSE,,,,FALSE,TRUE,TRUE,,,
,,,,,FALSE,,,,FALSE,TRUE,TRUE,,,
,,,,,FALSE,,,,FALSE,TRUE,TRUE,,,
,,,,,FALSE,,,,FALSE,TRUE,TRUE,,,
,,,,,FALSE,,,,FALSE,TRUE,TRUE,,,
,,,,,FALSE,,,,FALSE,TRUE,TRUE,,,
,,,,,FALSE,,,,FALSE,TRUE,TRUE,,,
,,,,,FALSE,,,,FALSE,TRUE,TRUE,,,
,,,,,FALSE,,,,FALSE,TRUE,TRUE,,,
,,,,,FALSE,,,,FALSE,TRUE,TRUE,,,
,,,,,FALSE,,,,FALSE,TRUE,TRUE,,,
,,,,,FALSE,,,,FALSE,TRUE,TRUE,,,
,,,,,FALSE,,,,FALSE,TRUE,TRUE,,,
,,,,,FALSE,,,,FALSE,TRUE,TRUE,,,
,,,,,FALSE,,,,FALSE,TRUE,TRUE,,,
,,,,,FALSE,,,,FALSE,TRUE,TRUE,,,
,,,,,FALSE,,,,FALSE,TRUE,TRUE,,,
,,,,,FALSE,,,,FALSE,TRUE,TRUE,,,
,,,,,FALSE,,,,FALSE,TRUE,TRUE,,,
,,,,,FALSE,,,,FALSE,TRUE,TRUE,,,
,,,,,FALSE,,,,FALSE,TRUE,TRUE,,,
,,,,,FALSE,,,,FALSE,TRUE,TRUE,,,
,,,,,FALSE,,,,FALSE,TRUE,TRUE,,,
,,,,,FALSE,,,,FALSE,TRUE,TRUE,,,
,,,,,FALSE,,,,FALSE,TRUE,TRUE,,,
,,,,,FALSE,,,,FALSE,TRUE,TRUE,,,
,,,,,FALSE,,,,FALSE,TRUE,TRUE,,,
,,,,,FALSE,,,,FALSE,TRUE,TRUE,,,
,,,,,FALSE,,,,FALSE,TRUE,TRUE,,,
,,,,,FALSE,,,,FALSE,TRUE,TRUE,,,
,,,,,FALSE,,,,FALSE,TRUE,TRUE,,,
,,,,,FALSE,,,,FALSE,TRUE,TRUE,,,
,,,,,FALSE,,,,FALSE,TRUE,TRUE,,,
,,,,,FALSE,,,,FALSE,TRUE,TRUE,,,
,,,,,FALSE,,,,FALSE,TRUE,TRUE,,,
,,,,,FALSE,,,,FALSE,TRUE,TRUE,,,
,,,,,FALSE,,,,FALSE,TRUE,TRUE,,,
,,,,,FALSE,,,,FALSE,TRUE,TRUE,,,
,,,,,FALSE,,,,FALSE,TRUE,TRUE,,,
,,,,,FALSE,,,,FALSE,TRUE,TRUE,,,
,,,,,FALSE,,,,FALSE,TRUE,TRUE,,,
,,,,,FALSE,,,,FALSE,TRUE,TRUE,,,
,,,,,FALSE,,,,FALSE,TRUE,TRUE,,,
,,,,,FALSE,,,,FALSE,TRUE,TRUE,,,
,,,,,FALSE,,,,FALSE,TRUE,TRUE,,,
,,,,,FALSE,,,,FALSE,TRUE,TRUE,,,
,,,,,FALSE,,,,FALSE,TRUE,TRUE,,,
,,,,,FALSE,,,,FALSE,TRUE,TRUE,,,
,,,,,FALSE,,,,FALSE,TRUE,TRUE,,,
,,,,,FALSE,,,,FALSE,TRUE,TRUE,,,
,,,,,FALSE,,,,FALSE,TRUE,TRUE,,,
,,,,,FALSE,,,,FALSE,TRUE,TRUE,,,
,,,,,FALSE,,,,FALSE,TRUE,TRUE,,,
,,,,,FALSE,,,,FALSE,TRUE,TRUE,,,
,,,,,FALSE,,,,FALSE,TRUE,TRUE,,,
,,,,,FALSE,,,,FALSE,TRUE,TRUE,,,
,,,,,FALSE,,,,FALSE,TRUE,TRUE,,,
,,,,,FALSE,,,,FALSE,TRUE,TRUE,,,
,,,,,FALSE,,,,FALSE,TRUE,TRUE,,,
,,,,,FALSE,,,,FALSE,TRUE,TRUE,,,
,,,,,FALSE,,,,FALSE,TRUE,TRUE,,,
,,,,,FALSE,,,,FALSE,TRUE,TRUE,,,
,,,,,FALSE,,,,FALSE,TRUE,TRUE,,,
,,,,,FALSE,,,,FALSE,TRUE,TRUE,,,
,,,,,FALSE,,,,FALSE,TRUE,TRUE,,,
,,,,,FALSE,,,,FALSE,TRUE,TRUE,,,
,,,,,FALSE,,,,FALSE,TRUE,TRUE,,,
,,,,,FALSE,,,,FALSE,TRUE,TRUE,,,
,,,,,FALSE,,,,FALSE,TRUE,TRUE,,,
,,,,,FALSE,,,,FALSE,TRUE,TRUE,,,
,,,,,FALSE,,,,FALSE,TRUE,TRUE,,,
,,,,,FALSE,,,,FALSE,TRUE,TRUE,,,
,,,,,FALSE,,,,FALSE,TRUE,TRUE,,,
,,,,,FALSE,,,,FALSE,TRUE,TRUE,,,
,,,,,FALSE,,,,FALSE,TRUE,TRUE,,,
,,,,,FALSE,,,,FALSE,TRUE,TRUE,,,
,,,,,FALSE,,,,FALSE,TRUE,TRUE,,,
,,,,,FALSE,,,,FALSE,TRUE,TRUE,,,
,,,,,FALSE,,,,FALSE,TRUE,TRUE,,,
,,,,,FALSE,,,,FALSE,TRUE,TRUE,,,
,,,,,FALSE,,,,FALSE,TRUE,TRUE,,,
,,,,,FALSE,,,,FALSE,TRUE,TRUE,,,
,,,,,FALSE,,,,FALSE,TRUE,TRUE,,,
,,,,,FALSE,,,,FALSE,TRUE,TRUE,,,
,,,,,FALSE,,,,FALSE,TRUE,TRUE,,,
,,,,,FALSE,,,,FALSE,TRUE,TRUE,,,
,,,,,FALSE,,,,FALSE,TRUE,TRUE,,,
,,,,,FALSE,,,,FALSE,TRUE,TRUE,,,
,,,,,FALSE,,,,FALSE,TRUE,TRUE,,,
,,,,,FALSE,,,,FALSE,TRUE,TRUE,,,
,,,,,FALSE,,,,FALSE,TRUE,TRUE,,,
,,,,,FALSE,,,,FALSE,TRUE,TRUE,,,
,,,,,FALSE,,,,FALSE,TRUE,TRUE,,,
,,,,,FALSE,,,,FALSE,TRUE,TRUE,,,
,,,,,FALSE,,,,FALSE,TRUE,TRUE,,,
,,,,,FALSE,,,,FALSE,TRUE,TRUE,,,
,,,,,FALSE,,,,FALSE,TRUE,TRUE,,,
,,,,,FALSE,,,,FALSE,TRUE,TRUE,,,
,,,,,FALSE,,,,FALSE,TRUE,TRUE,,,
,,,,,FALSE,,,,FALSE,TRUE,TRUE,,,
,,,,,FALSE,,,,FALSE,TRUE,TRUE,,,
,,,,,FALSE,,,,FALSE,TRUE,TRUE,,,
,,,,,FALSE,,,,FALSE,TRUE,TRUE,,,
,,,,,FALSE,,,,FALSE,TRUE,TRUE,,,
,,,,,FALSE,,,,FALSE,TRUE,TRUE,,,
,,,,,FALSE,,,,FALSE,TRUE,TRUE,,,
,,,,,FALSE,,,,FALSE,TRUE,TRUE,,,
,,,,,FALSE,,,,FALSE,TRUE,TRUE,,,
,,,,,FALSE,,,,FALSE,TRUE,TRUE,,,
,,,,,FALSE,,,,FALSE,TRUE,TRUE,,,
,,,,,FALSE,,,,FALSE,TRUE,TRUE,,,
,,,,,FALSE,,,,FALSE,TRUE,TRUE,,,
,,,,,FALSE,,,,FALSE,TRUE,TRUE,,,
,,,,,FALSE,,,,FALSE,TRUE,TRUE,,,
,,,,,FALSE,,,,FALSE,TRUE,TRUE,,,
,,,,,FALSE,,,,FALSE,TRUE,TRUE,,,
,,,,,FALSE,,,,FALSE,TRUE,TRUE,,,
,,,,,FALSE,,,,FALSE,TRUE,TRUE,,,
,,,,,FALSE,,,,FALSE,TRUE,TRUE,,,
,,,,,FALSE,,,,FALSE,TRUE,TRUE,,,
,,,,,FALSE,,,,FALSE,TRUE,TRUE,,,
,,,,,FALSE,,,,FALSE,TRUE,TRUE,,,
,,,,,FALSE,,,,FALSE,TRUE,TRUE,,,
,,,,,FALSE,,,,FALSE,TRUE,TRUE,,,
,,,,,FALSE,,,,FALSE,TRUE,TRUE,,,
,,,,,FALSE,,,,FALSE,TRUE,TRUE,,,
,,,,,FALSE,,,,FALSE,TRUE,TRUE,,,
,,,,,FALSE,,,,FALSE,TRUE,TRUE,,,
,,,,,FALSE,,,,FALSE,TRUE,TRUE,,,
,,,,,FALSE,,,,FALSE,TRUE,TRUE,,,
,,,,,FALSE,,,,FALSE,TRUE,TRUE,,,
,,,,,FALSE,,,,FALSE,TRUE,TRUE,,,
,,,,,FALSE,,,,FALSE,TRUE,TRUE,,,
,,,,,FALSE,,,,FALSE,TRUE,TRUE,,,
,,,,,FALSE,,,,FALSE,TRUE,TRUE,,,
,,,,,FALSE,,,,FALSE,TRUE,TRUE,,,
,,,,,FALSE,,,,FALSE,TRUE,TRUE,,,
,,,,,FALSE,,,,FALSE,TRUE,TRUE,,,
,,,,,FALSE,,,,FALSE,TRUE,TRUE,,,
,,,,,FALSE,,,,FALSE,TRUE,TRUE,,,
,,,,,FALSE,,,,FALSE,TRUE,TRUE,,,
,,,,,FALSE,,,,FALSE,TRUE,TRUE,,,
,,,,,FALSE,,,,FALSE,TRUE,TRUE,,,
,,,,,FALSE,,,,FALSE,TRUE,TRUE,,,
,,,,,FALSE,,,,FALSE,TRUE,TRUE,,,
,,,,,FALSE,,,,FALSE,TRUE,TRUE,,,
,,,,,FALSE,,,,FALSE,TRUE,TRUE,,,
,,,,,FALSE,,,,FALSE,TRUE,TRUE,,,
,,,,,FALSE,,,,FALSE,TRUE,TRUE,,,
,,,,,FALSE,,,,FALSE,TRUE,TRUE,,,
,,,,,FALSE,,,,FALSE,TRUE,TRUE,,,
,,,,,FALSE,,,,FALSE,TRUE,TRUE,,,
,,,,,FALSE,,,,FALSE,TRUE,TRUE,,,
,,,,,FALSE,,,,FALSE,TRUE,TRUE,,,
,,,,,FALSE,,,,FALSE,TRUE,TRUE,,,
,,,,,FALSE,,,,FALSE,TRUE,TRUE,,,
,,,,,FALSE,,,,FALSE,TRUE,TRUE,,,
,,,,,FALSE,,,,FALSE,TRUE,TRUE,,,
,,,,,FALSE,,,,FALSE,TRUE,TRUE,,,
,,,,,FALSE,,,,FALSE,TRUE,TRUE,,,
,,,,,FALSE,,,,FALSE,TRUE,TRUE,,,
,,,,,FALSE,,,,FALSE,TRUE,TRUE,,,
,,,,,FALSE,,,,FALSE,TRUE,TRUE,,,
,,,,,FALSE,,,,FALSE,TRUE,TRUE,,,
,,,,,FALSE,,,,FALSE,TRUE,TRUE,,,
,,,,,FALSE,,,,FALSE,TRUE,TRUE,,,
,,,,,FALSE,,,,FALSE,TRUE,TRUE,,,
,,,,,FALSE,,,,FALSE,TRUE,TRUE,,,
,,,,,FALSE,,,,FALSE,TRUE,TRUE,,,
,,,,,FALSE,,,,FALSE,TRUE,TRUE,,,
,,,,,FALSE,,,,FALSE,TRUE,TRUE,,,
,,,,,FALSE,,,,FALSE,TRUE,TRUE,,,
,,,,,FALSE,,,,FALSE,TRUE,TRUE,,,
,,,,,FALSE,,,,FALSE,TRUE,TRUE,,,
,,,,,FALSE,,,,FALSE,TRUE,TRUE,,,
,,,,,FALSE,,,,FALSE,TRUE,TRUE,,,
,,,,,FALSE,,,,FALSE,TRUE,TRUE,,,
,,,,,FALSE,,,,FALSE,TRUE,TRUE,,,
,,,,,FALSE,,,,FALSE,TRUE,TRUE,,,
,,,,,FALSE,,,,FALSE,TRUE,TRUE,,,
,,,,,FALSE,,,,FALSE,TRUE,TRUE,,,
,,,,,FALSE,,,,FALSE,TRUE,TRUE,,,
,,,,,FALSE,,,,FALSE,TRUE,TRUE,,,
,,,,,FALSE,,,,FALSE,TRUE,TRUE,,,
,,,,,FALSE,,,,FALSE,TRUE,TRUE,,,
,,,,,FALSE,,,,FALSE,TRUE,TRUE,,,
,,,,,FALSE,,,,FALSE,TRUE,TRUE,,,
,,,,,FALSE,,,,FALSE,TRUE,TRUE,,,
,,,,,FALSE,,,,FALSE,TRUE,TRUE,,,
,,,,,FALSE,,,,FALSE,TRUE,TRUE,,,
,,,,,FALSE,,,,FALSE,TRUE,TRUE,,,
,,,,,FALSE,,,,FALSE,TRUE,TRUE,,,
,,,,,FALSE,,,,FALSE,TRUE,TRUE,,,
,,,,,FALSE,,,,FALSE,TRUE,TRUE,,,
,,,,,FALSE,,,,FALSE,TRUE,TRUE,,,
,,,,,FALSE,,,,FALSE,TRUE,TRUE,,,
,,,,,FALSE,,,,FALSE,TRUE,TRUE,,,
,,,,,FALSE,,,,FALSE,TRUE,TRUE,,,
,,,,,FALSE,,,,FALSE,TRUE,TRUE,,,
,,,,,FALSE,,,,FALSE,TRUE,TRUE,,,
,,,,,FALSE,,,,FALSE,TRUE,TRUE,,,
,,,,,FALSE,,,,FALSE,TRUE,TRUE,,,
,,,,,FALSE,,,,FALSE,TRUE,TRUE,,,
,,,,,FALSE,,,,FALSE,TRUE,TRUE,,,
,,,,,FALSE,,,,FALSE,TRUE,TRUE,,,
,,,,,FALSE,,,,FALSE,TRUE,TRUE,,,
,,,,,FALSE,,,,FALSE,TRUE,TRUE,,,
,,,,,FALSE,,,,FALSE,TRUE,TRUE,,,
,,,,,FALSE,,,,FALSE,TRUE,TRUE,,,
,,,,,FALSE,,,,FALSE,TRUE,TRUE,,,
,,,,,FALSE,,,,FALSE,TRUE,TRUE,,,
,,,,,FALSE,,,,FALSE,TRUE,TRUE,,,
,,,,,FALSE,,,,FALSE,TRUE,TRUE,,,
,,,,,FALSE,,,,FALSE,TRUE,TRUE,,,
,,,,,FALSE,,,,FALSE,TRUE,TRUE,,,
,,,,,FALSE,,,,FALSE,TRUE,TRUE,,,
,,,,,FALSE,,,,FALSE,TRUE,TRUE,,,
,,,,,FALSE,,,,FALSE,TRUE,TRUE,,,
,,,,,FALSE,,,,FALSE,TRUE,TRUE,,,
,,,,,FALSE,,,,FALSE,TRUE,TRUE,,,
,,,,,FALSE,,,,FALSE,TRUE,TRUE,,,
,,,,,FALSE,,,,FALSE,TRUE,TRUE,,,
,,,,,FALSE,,,,FALSE,TRUE,TRUE,,,
,,,,,FALSE,,,,FALSE,TRUE,TRUE,,,
,,,,,FALSE,,,,FALSE,TRUE,TRUE,,,
,,,,,FALSE,,,,FALSE,TRUE,TRUE,,,
,,,,,FALSE,,,,FALSE,TRUE,TRUE,,,
,,,,,FALSE,,,,FALSE,TRUE,TRUE,,,
,,,,,FALSE,,,,FALSE,TRUE,TRUE,,,
,,,,,FALSE,,,,FALSE,TRUE,TRUE,,,
,,,,,FALSE,,,,FALSE,TRUE,TRUE,,,
,,,,,FALSE,,,,FALSE,TRUE,TRUE,,,
,,,,,FALSE,,,,FALSE,TRUE,TRUE,,,
,,,,,FALSE,,,,FALSE,TRUE,TRUE,,,
,,,,,FALSE,,,,FALSE,TRUE,TRUE,,,
,,,,,FALSE,,,,FALSE,TRUE,TRUE,,,
,,,,,FALSE,,,,FALSE,TRUE,TRUE,,,
,,,,,FALSE,,,,FALSE,TRUE,TRUE,,,
,,,,,FALSE,,,,FALSE,TRUE,TRUE,,,
,,,,,FALSE,,,,FALSE,TRUE,TRUE,,,
,,,,,FALSE,,,,FALSE,TRUE,TRUE,,,
,,,,,FALSE,,,,FALSE,TRUE,TRUE,,,
,,,,,FALSE,,,,FALSE,TRUE,TRUE,,,
,,,,,FALSE,,,,FALSE,TRUE,TRUE,,,
,,,,,FALSE,,,,FALSE,TRUE,TRUE,,,
,,,,,FALSE,,,,FALSE,TRUE,TRUE,,,
,,,,,FALSE,,,,FALSE,TRUE,TRUE,,,
,,,,,FALSE,,,,FALSE,TRUE,TRUE,,,
,,,,,FALSE,,,,FALSE,TRUE,TRUE,,,
,,,,,FALSE,,,,FALSE,TRUE,TRUE,,,
,,,,,FALSE,,,,FALSE,TRUE,TRUE,,,
,,,,,FALSE,,,,FALSE,TRUE,TRUE,,,
,,,,,FALSE,,,,FALSE,TRUE,TRUE,,,
,,,,,FALSE,,,,FALSE,TRUE,TRUE,,,
,,,,,FALSE,,,,FALSE,TRUE,TRUE,,,
,,,,,FALSE,,,,FALSE,TRUE,TRUE,,,
,,,,,FALSE,,,,FALSE,TRUE,TRUE,,,
,,,,,FALSE,,,,FALSE,TRUE,TRUE,,,
,,,,,FALSE,,,,FALSE,TRUE,TRUE,,,
,,,,,FALSE,,,,FALSE,TRUE,TRUE,,,
,,,,,FALSE,,,,FALSE,TRUE,TRUE,,,
,,,,,FALSE,,,,FALSE,TRUE,TRUE,,,
,,,,,FALSE,,,,FALSE,TRUE,TRUE,,,
,,,,,FALSE,,,,FALSE,TRUE,TRUE,,,
,,,,,FALSE,,,,FALSE,TRUE,TRUE,,,
,,,,,FALSE,,,,FALSE,TRUE,TRUE,,,
,,,,,FALSE,,,,FALSE,TRUE,TRUE,,,
,,,,,FALSE,,,,FALSE,TRUE,TRUE,,,
,,,,,FALSE,,,,FALSE,TRUE,TRUE,,,
,,,,,FALSE,,,,FALSE,TRUE,TRUE,,,
,,,,,FALSE,,,,FALSE,TRUE,TRUE,,,
,,,,,FALSE,,,,FALSE,TRUE,TRUE,,,
,,,,,FALSE,,,,FALSE,TRUE,TRUE,,,
,,,,,FALSE,,,,FALSE,TRUE,TRUE,,,
,,,,,FALSE,,,,FALSE,TRUE,TRUE,,,
,,,,,FALSE,,,,FALSE,TRUE,TRUE,,,
,,,,,FALSE,,,,FALSE,TRUE,TRUE,,,
,,,,,FALSE,,,,FALSE,TRUE,TRUE,,,
,,,,,FALSE,,,,FALSE,TRUE,TRUE,,,
,,,,,FALSE,,,,FALSE,TRUE,TRUE,,,
,,,,,FALSE,,,,FALSE,TRUE,TRUE,,,
,,,,,FALSE,,,,FALSE,TRUE,TRUE,,,
,,,,,FALSE,,,,FALSE,TRUE,TRUE,,,
,,,,,FALSE,,,,FALSE,TRUE,TRUE,,,
,,,,,FALSE,,,,FALSE,TRUE,TRUE,,,
,,,,,FALSE,,,,FALSE,TRUE,TRUE,,,
,,,,,FALSE,,,,FALSE,TRUE,TRUE,,,
,,,,,FALSE,,,,FALSE,TRUE,TRUE,,,
,,,,,FALSE,,,,FALSE,TRUE,TRUE,,,
,,,,,FALSE,,,,FALSE,TRUE,TRUE,,,
,,,,,FALSE,,,,FALSE,TRUE,TRUE,,,
,,,,,FALSE,,,,FALSE,TRUE,TRUE,,,
,,,,,FALSE,,,,FALSE,TRUE,TRUE,,,
,,,,,FALSE,,,,FALSE,TRUE,TRUE,,,
,,,,,FALSE,,,,FALSE,TRUE,TRUE,,,
,,,,,FALSE,,,,FALSE,TRUE,TRUE,,,
,,,,,FALSE,,,,FALSE,TRUE,TRUE,,,
,,,,,FALSE,,,,FALSE,TRUE,TRUE,,,
,,,,,FALSE,,,,FALSE,TRUE,TRUE,,,
,,,,,FALSE,,,,FALSE,TRUE,TRUE,,,
,,,,,FALSE,,,,FALSE,TRUE,TRUE,,,
,,,,,FALSE,,,,FALSE,TRUE,TRUE,,,
,,,,,FALSE,,,,FALSE,TRUE,TRUE,,,
,,,,,FALSE,,,,FALSE,TRUE,TRUE,,,
,,,,,FALSE,,,,FALSE,TRUE,TRUE,,,
,,,,,FALSE,,,,FALSE,TRUE,TRUE,,,
,,,,,FALSE,,,,FALSE,TRUE,TRUE,,,
,,,,,FALSE,,,,FALSE,TRUE,TRUE,,,
,,,,,FALSE,,,,FALSE,TRUE,TRUE,,,
,,,,,FALSE,,,,FALSE,TRUE,TRUE,,,
,,,,,FALSE,,,,FALSE,TRUE,TRUE,,,
,,,,,FALSE,,,,FALSE,TRUE,TRUE,,,
,,,,,FALSE,,,,FALSE,TRUE,TRUE,,,
,,,,,FALSE,,,,FALSE,TRUE,TRUE,,,
,,,,,FALSE,,,,FALSE,TRUE,TRUE,,,
,,,,,FALSE,,,,FALSE,TRUE,TRUE,,,
,,,,,FALSE,,,,FALSE,TRUE,TRUE,,,
,,,,,FALSE,,,,FALSE,TRUE,TRUE,,,
,,,,,FALSE,,,,FALSE,TRUE,TRUE,,,
,,,,,FALSE,,,,FALSE,TRUE,TRUE,,,
,,,,,FALSE,,,,FALSE,TRUE,TRUE,,,
,,,,,FALSE,,,,FALSE,TRUE,TRUE,,,
,,,,,FALSE,,,,FALSE,TRUE,TRUE,,,
,,,,,FALSE,,,,FALSE,TRUE,TRUE,,,
,,,,,FALSE,,,,FALSE,TRUE,TRUE,,,
,,,,,FALSE,,,,FALSE,TRUE,TRUE,,,
,,,,,FALSE,,,,FALSE,TRUE,TRUE,,,
,,,,,FALSE,,,,FALSE,TRUE,TRUE,,,
,,,,,FALSE,,,,FALSE,TRUE,TRUE,,,
,,,,,FALSE,,,,FALSE,TRUE,TRUE,,,
,,,,,FALSE,,,,FALSE,TRUE,TRUE,,,
,,,,,FALSE,,,,FALSE,TRUE,TRUE,,,
,,,,,FALSE,,,,FALSE,TRUE,TRUE,,,
,,,,,FALSE,,,,FALSE,TRUE,TRUE,,,
,,,,,FALSE,,,,FALSE,TRUE,TRUE,,,
,,,,,FALSE,,,,FALSE,TRUE,TRUE,,,
,,,,,FALSE,,,,FALSE,TRUE,TRUE,,,
,,,,,FALSE,,,,FALSE,TRUE,TRUE,,,
,,,,,FALSE,,,,FALSE,TRUE,TRUE,,,
,,,,,FALSE,,,,FALSE,TRUE,TRUE,,,
,,,,,FALSE,,,,FALSE,TRUE,TRUE,,,
,,,,,FALSE,,,,FALSE,TRUE,TRUE,,,
,,,,,FALSE,,,,FALSE,TRUE,TRUE,,,
,,,,,FALSE,,,,FALSE,TRUE,TRUE,,,
,,,,,FALSE,,,,FALSE,TRUE,TRUE,,,
,,,,,FALSE,,,,FALSE,TRUE,TRUE,,,
,,,,,FALSE,,,,FALSE,TRUE,TRUE,,,
,,,,,FALSE,,,,FALSE,TRUE,TRUE,,,
,,,,,FALSE,,,,FALSE,TRUE,TRUE,,,
,,,,,FALSE,,,,FALSE,TRUE,TRUE,,,
,,,,,FALSE,,,,FALSE,TRUE,TRUE,,,
,,,,,FALSE,,,,FALSE,TRUE,TRUE,,,
,,,,,FALSE,,,,FALSE,TRUE,TRUE,,,
,,,,,FALSE,,,,FALSE,TRUE,TRUE,,,
,,,,,FALSE,,,,FALSE,TRUE,TRUE,,,
,,,,,FALSE,,,,FALSE,TRUE,TRUE,,,
,,,,,FALSE,,,,FALSE,TRUE,TRUE,,,
,,,,,FALSE,,,,FALSE,TRUE,TRUE,,,
,,,,,FALSE,,,,FALSE,TRUE,TRUE,,,
,,,,,FALSE,,,,FALSE,TRUE,TRUE,,,
,,,,,FALSE,,,,FALSE,TRUE,TRUE,,,
,,,,,FALSE,,,,FALSE,TRUE,TRUE,,,
,,,,,FALSE,,,,FALSE,TRUE,TRUE,,,
,,,,,FALSE,,,,FALSE,TRUE,TRUE,,,
,,,,,FALSE,,,,FALSE,TRUE,TRUE,,,
,,,,,FALSE,,,,FALSE,TRUE,TRUE,,,
,,,,,FALSE,,,,FALSE,TRUE,TRUE,,,
,,,,,FALSE,,,,FALSE,TRUE,TRUE,,,
,,,,,FALSE,,,,FALSE,TRUE,TRUE,,,
,,,,,FALSE,,,,FALSE,TRUE,TRUE,,,
,,,,,FALSE,,,,FALSE,TRUE,TRUE,,,
,,,,,FALSE,,,,FALSE,TRUE,TRUE,,,
,,,,,FALSE,,,,FALSE,TRUE,TRUE,,,
,,,,,FALSE,,,,FALSE,TRUE,TRUE,,,
,,,,,FALSE,,,,FALSE,TRUE,TRUE,,,
,,,,,FALSE,,,,FALSE,TRUE,TRUE,,,
,,,,,FALSE,,,,FALSE,TRUE,TRUE,,,
,,,,,FALSE,,,,FALSE,TRUE,TRUE,,,
,,,,,FALSE,,,,FALSE,TRUE,TRUE,,,
,,,,,FALSE,,,,FALSE,TRUE,TRUE,,,
,,,,,FALSE,,,,FALSE,TRUE,TRUE,,,
,,,,,FALSE,,,,FALSE,TRUE,TRUE,,,
,,,,,FALSE,,,,FALSE,TRUE,TRUE,,,
,,,,,FALSE,,,,FALSE,TRUE,TRUE,,,
,,,,,FALSE,,,,FALSE,TRUE,TRUE,,,
,,,,,FALSE,,,,FALSE,TRUE,TRUE,,,
,,,,,FALSE,,,,FALSE,TRUE,TRUE,,,
,,,,,FALSE,,,,FALSE,TRUE,TRUE,,,
,,,,,FALSE,,,,FALSE,TRUE,TRUE,,,
,,,,,FALSE,,,,FALSE,TRUE,TRUE,,,
,,,,,FALSE,,,,FALSE,TRUE,TRUE,,,
,,,,,FALSE,,,,FALSE,TRUE,TRUE,,,
,,,,,FALSE,,,,FALSE,TRUE,TRUE,,,
,,,,,FALSE,,,,FALSE,TRUE,TRUE,,,
,,,,,FALSE,,,,FALSE,TRUE,TRUE,,,
,,,,,FALSE,,,,FALSE,TRUE,TRUE,,,
,,,,,FALSE,,,,FALSE,TRUE,TRUE,,,
,,,,,FALSE,,,,FALSE,TRUE,TRUE,,,
,,,,,FALSE,,,,FALSE,TRUE,TRUE,,,
,,,,,FALSE,,,,FALSE,TRUE,TRUE,,,
,,,,,FALSE,,,,FALSE,TRUE,TRUE,,,
,,,,,FALSE,,,,FALSE,TRUE,TRUE,,,
,,,,,FALSE,,,,FALSE,TRUE,TRUE,,,
,,,,,FALSE,,,,FALSE,TRUE,TRUE,,,
,,,,,FALSE,,,,FALSE,TRUE,TRUE,,,
,,,,,FALSE,,,,FALSE,TRUE,TRUE,,,
,,,,,FALSE,,,,FALSE,TRUE,TRUE,,,
,,,,,FALSE,,,,FALSE,TRUE,TRUE,,,
,,,,,FALSE,,,,FALSE,TRUE,TRUE,,,
,,,,,FALSE,,,,FALSE,TRUE,TRUE,,,
,,,,,FALSE,,,,FALSE,TRUE,TRUE,,,
,,,,,FALSE,,,,FALSE,TRUE,TRUE,,,
,,,,,FALSE,,,,FALSE,TRUE,TRUE,,,
,,,,,FALSE,,,,FALSE,TRUE,TRUE,,,
,,,,,FALSE,,,,FALSE,TRUE,TRUE,,,
,,,,,FALSE,,,,FALSE,TRUE,TRUE,,,
,,,,,FALSE,,,,FALSE,TRUE,TRUE,,,
,,,,,FALSE,,,,FALSE,TRUE,TRUE,,,
,,,,,FALSE,,,,FALSE,TRUE,TRUE,,,
,,,,,FALSE,,,,FALSE,TRUE,TRUE,,,
,,,,,FALSE,,,,FALSE,TRUE,TRUE,,,
,,,,,FALSE,,,,FALSE,TRUE,TRUE,,,
,,,,,FALSE,,,,FALSE,TRUE,TRUE,,,
,,,,,FALSE,,,,FALSE,TRUE,TRUE,,,
,,,,,FALSE,,,,FALSE,TRUE,TRUE,,,
,,,,,FALSE,,,,FALSE,TRUE,TRUE,,,
,,,,,FALSE,,,,FALSE,TRUE,TRUE,,,
,,,,,FALSE,,,,FALSE,TRUE,TRUE,,,
,,,,,FALSE,,,,FALSE,TRUE,TRUE,,,
,,,,,FALSE,,,,FALSE,TRUE,TRUE,,,
,,,,,FALSE,,,,FALSE,TRUE,TRUE,,,
,,,,,FALSE,,,,FALSE,TRUE,TRUE,,,
,,,,,FALSE,,,,FALSE,TRUE,TRUE,,,
,,,,,FALSE,,,,FALSE,TRUE,TRUE,,,
,,,,,FALSE,,,,FALSE,TRUE,TRUE,,,
,,,,,FALSE,,,,FALSE,TRUE,TRUE,,,
,,,,,FALSE,,,,FALSE,TRUE,TRUE,,,
,,,,,FALSE,,,,FALSE,TRUE,TRUE,,,
,,,,,FALSE,,,,FALSE,TRUE,TRUE,,,
,,,,,FALSE,,,,FALSE,TRUE,TRUE,,,
,,,,,FALSE,,,,FALSE,TRUE,TRUE,,,
,,,,,FALSE,,,,FALSE,TRUE,TRUE,,,
,,,,,FALSE,,,,FALSE,TRUE,TRUE,,,
,,,,,FALSE,,,,FALSE,TRUE,TRUE,,,
,,,,,FALSE,,,,FALSE,TRUE,TRUE,,,
,,,,,FALSE,,,,FALSE,TRUE,TRUE,,,
,,,,,FALSE,,,,FALSE,TRUE,TRUE,,,
,,,,,FALSE,,,,FALSE,TRUE,TRUE,,,
,,,,,FALSE,,,,FALSE,TRUE,TRUE,,,
,,,,,FALSE,,,,FALSE,TRUE,TRUE,,,
,,,,,FALSE,,,,FALSE,TRUE,TRUE,,,
,,,,,FALSE,,,,FALSE,TRUE,TRUE,,,
,,,,,FALSE,,,,FALSE,TRUE,TRUE,,,
,,,,,FALSE,,,,FALSE,TRUE,TRUE,,,
,,,,,FALSE,,,,FALSE,TRUE,TRUE,,,
,,,,,FALSE,,,,FALSE,TRUE,TRUE,,,
,,,,,FALSE,,,,FALSE,TRUE,TRUE,,,
,,,,,FALSE,,,,FALSE,TRUE,TRUE,,,
,,,,,FALSE,,,,FALSE,TRUE,TRUE,,,
,,,,,FALSE,,,,FALSE,TRUE,TRUE,,,
,,,,,FALSE,,,,FALSE,TRUE,TRUE,,,
,,,,,FALSE,,,,FALSE,TRUE,TRUE,,,
,,,,,FALSE,,,,FALSE,TRUE,TRUE,,,
,,,,,FALSE,,,,FALSE,TRUE,TRUE,,,
,,,,,FALSE,,,,FALSE,TRUE,TRUE,,,
,,,,,FALSE,,,,FALSE,TRUE,TRUE,,,
,,,,,FALSE,,,,FALSE,TRUE,TRUE,,,
,,,,,FALSE,,,,FALSE,TRUE,TRUE,,,
,,,,,FALSE,,,,FALSE,TRUE,TRUE,,,
,,,,,FALSE,,,,FALSE,TRUE,TRUE,,,
,,,,,FALSE,,,,FALSE,TRUE,TRUE,,,
,,,,,FALSE,,,,FALSE,TRUE,TRUE,,,
,,,,,FALSE,,,,FALSE,TRUE,TRUE,,,
,,,,,FALSE,,,,FALSE,TRUE,TRUE,,,
,,,,,FALSE,,,,FALSE,TRUE,TRUE,,,
,,,,,FALSE,,,,FALSE,TRUE,TRUE,,,
,,,,,FALSE,,,,FALSE,TRUE,TRUE,,,
,,,,,FALSE,,,,FALSE,TRUE,TRUE,,,
,,,,,FALSE,,,,FALSE,TRUE,TRUE,,,
,,,,,FALSE,,,,FALSE,TRUE,TRUE,,,
,,,,,FALSE,,,,FALSE,TRUE,TRUE,,,
,,,,,FALSE,,,,FALSE,TRUE,TRUE,,,
,,,,,FALSE,,,,FALSE,TRUE,TRUE,,,
,,,,,FALSE,,,,FALSE,TRUE,TRUE,,,
,,,,,FALSE,,,,FALSE,TRUE,TRUE,,,
,,,,,FALSE,,,,FALSE,TRUE,TRUE,,,
,,,,,FALSE,,,,FALSE,TRUE,TRUE,,,
,,,,,FALSE,,,,FALSE,TRUE,TRUE,,,
,,,,,FALSE,,,,FALSE,TRUE,TRUE,,,
,,,,,FALSE,,,,FALSE,TRUE,TRUE,,,
,,,,,FALSE,,,,FALSE,TRUE,TRUE,,,
,,,,,FALSE,,,,FALSE,TRUE,TRUE,,,
,,,,,FALSE,,,,FALSE,TRUE,TRUE,,,
,,,,,FALSE,,,,FALSE,TRUE,TRUE,,,
,,,,,FALSE,,,,FALSE,TRUE,TRUE,,,
,,,,,FALSE,,,,FALSE,TRUE,TRUE,,,
,,,,,FALSE,,,,FALSE,TRUE,TRUE,,,
,,,,,FALSE,,,,FALSE,TRUE,TRUE,,,
,,,,,FALSE,,,,FALSE,TRUE,TRUE,,,
,,,,,FALSE,,,,FALSE,TRUE,TRUE,,,
,,,,,FALSE,,,,FALSE,TRUE,TRUE,,,
,,,,,FALSE,,,,FALSE,TRUE,TRUE,,,
,,,,,FALSE,,,,FALSE,TRUE,TRUE,,,
,,,,,FALSE,,,,FALSE,TRUE,TRUE,,,
,,,,,FALSE,,,,FALSE,TRUE,TRUE,,,
,,,,,FALSE,,,,FALSE,TRUE,TRUE,,,
,,,,,FALSE,,,,FALSE,TRUE,TRUE,,,
,,,,,FALSE,,,,FALSE,TRUE,TRUE,,,
,,,,,FALSE,,,,FALSE,TRUE,TRUE,,,
,,,,,FALSE,,,,FALSE,TRUE,TRUE,,,
,,,,,FALSE,,,,FALSE,TRUE,TRUE,,,
,,,,,FALSE,,,,FALSE,TRUE,TRUE,,,
,,,,,FALSE,,,,FALSE,TRUE,TRUE,,,
,,,,,FALSE,,,,FALSE,TRUE,TRUE,,,
,,,,,FALSE,,,,FALSE,TRUE,TRUE,,,
,,,,,FALSE,,,,FALSE,TRUE,TRUE,,,
,,,,,FALSE,,,,FALSE,TRUE,TRUE,,,
,,,,,FALSE,,,,FALSE,TRUE,TRUE,,,
,,,,,FALSE,,,,FALSE,TRUE,TRUE,,,
,,,,,FALSE,,,,FALSE,TRUE,TRUE,,,
,,,,,FALSE,,,,FALSE,TRUE,TRUE,,,
,,,,,FALSE,,,,FALSE,TRUE,TRUE,,,
,,,,,FALSE,,,,FALSE,TRUE,TRUE,,,
,,,,,FALSE,,,,FALSE,TRUE,TRUE,,,
,,,,,FALSE,,,,FALSE,TRUE,TRUE,,,
,,,,,FALSE,,,,FALSE,TRUE,TRUE,,,
,,,,,FALSE,,,,FALSE,TRUE,TRUE,,,
,,,,,FALSE,,,,FALSE,TRUE,TRUE,,,
,,,,,FALSE,,,,FALSE,TRUE,TRUE,,,
,,,,,FALSE,,,,FALSE,TRUE,TRUE,,,
,,,,,FALSE,,,,FALSE,TRUE,TRUE,,,
,,,,,FALSE,,,,FALSE,TRUE,TRUE,,,
,,,,,FALSE,,,,FALSE,TRUE,TRUE,,,
,,,,,FALSE,,,,FALSE,TRUE,TRUE,,,
,,,,,FALSE,,,,FALSE,TRUE,TRUE,,,
,,,,,FALSE,,,,FALSE,TRUE,TRUE,,,
,,,,,FALSE,,,,FALSE,TRUE,TRUE,,,
,,,,,FALSE,,,,FALSE,TRUE,TRUE,,,
,,,,,FALSE,,,,FALSE,TRUE,TRUE,,,
,,,,,FALSE,,,,FALSE,TRUE,TRUE,,,
,,,,,FALSE,,,,FALSE,TRUE,TRUE,,,
,,,,,FALSE,,,,FALSE,TRUE,TRUE,,,
,,,,,FALSE,,,,FALSE,TRUE,TRUE,,,
,,,,,FALSE,,,,FALSE,TRUE,TRUE,,,
,,,,,FALSE,,,,FALSE,TRUE,TRUE,,,
,,,,,FALSE,,,,FALSE,TRUE,TRUE,,,
,,,,,FALSE,,,,FALSE,TRUE,TRUE,,,
,,,,,FALSE,,,,FALSE,TRUE,TRUE,,,
,,,,,FALSE,,,,FALSE,TRUE,TRUE,,,
,,,,,FALSE,,,,FALSE,TRUE,TRUE,,,
,,,,,FALSE,,,,FALSE,TRUE,TRUE,,,
,,,,,FALSE,,,,FALSE,TRUE,TRUE,,,
,,,,,FALSE,,,,FALSE,TRUE,TRUE,,,
,,,,,FALSE,,,,FALSE,TRUE,TRUE,,,
,,,,,FALSE,,,,FALSE,TRUE,TRUE,,,
,,,,,FALSE,,,,FALSE,TRUE,TRUE,,,
,,,,,FALSE,,,,FALSE,TRUE,TRUE,,,
,,,,,FALSE,,,,FALSE,TRUE,TRUE,,,
,,,,,FALSE,,,,FALSE,TRUE,TRUE,,,
,,,,,FALSE,,,,FALSE,TRUE,TRUE,,,
,,,,,FALSE,,,,FALSE,TRUE,TRUE,,,
,,,,,FALSE,,,,FALSE,TRUE,TRUE,,,
,,,,,FALSE,,,,FALSE,TRUE,TRUE,,,
,,,,,FALSE,,,,FALSE,TRUE,TRUE,,,
,,,,,FALSE,,,,FALSE,TRUE,TRUE,,,
,,,,,FALSE,,,,FALSE,TRUE,TRUE,,,
,,,,,FALSE,,,,FALSE,TRUE,TRUE,,,
,,,,,FALSE,,,,FALSE,TRUE,TRUE,,,
,,,,,FALSE,,,,FALSE,TRUE,TRUE,,,
,,,,,FALSE,,,,FALSE,TRUE,TRUE,,,
,,,,,FALSE,,,,FALSE,TRUE,TRUE,,,
,,,,,FALSE,,,,FALSE,TRUE,TRUE,,,
,,,,,FALSE,,,,FALSE,TRUE,TRUE,,,
,,,,,FALSE,,,,FALSE,TRUE,TRUE,,,
,,,,,FALSE,,,,FALSE,TRUE,TRUE,,,
,,,,,FALSE,,,,FALSE,TRUE,TRUE,,,
,,,,,FALSE,,,,FALSE,TRUE,TRUE,,,
,,,,,FALSE,,,,FALSE,TRUE,TRUE,,,
,,,,,FALSE,,,,FALSE,TRUE,TRUE,,,
,,,,,FALSE,,,,FALSE,TRUE,TRUE,,,
,,,,,FALSE,,,,FALSE,TRUE,TRUE,,,
,,,,,FALSE,,,,FALSE,TRUE,TRUE,,,
,,,,,FALSE,,,,FALSE,TRUE,TRUE,,,
,,,,,FALSE,,,,FALSE,TRUE,TRUE,,,
,,,,,FALSE,,,,FALSE,TRUE,TRUE,,,
,,,,,FALSE,,,,FALSE,TRUE,TRUE,,,
,,,,,FALSE,,,,FALSE,TRUE,TRUE,,,
,,,,,FALSE,,,,FALSE,TRUE,TRUE,,,
,,,,,FALSE,,,,FALSE,TRUE,TRUE,,,
,,,,,FALSE,,,,FALSE,TRUE,TRUE,,,
,,,,,FALSE,,,,FALSE,TRUE,TRUE,,,
,,,,,FALSE,,,,FALSE,TRUE,TRUE,,,
,,,,,FALSE,,,,FALSE,TRUE,TRUE,,,
,,,,,FALSE,,,,FALSE,TRUE,TRUE,,,
,,,,,FALSE,,,,FALSE,TRUE,TRUE,,,
,,,,,FALSE,,,,FALSE,TRUE,TRUE,,,
,,,,,FALSE,,,,FALSE,TRUE,TRUE,,,
,,,,,FALSE,,,,FALSE,TRUE,TRUE,,,
,,,,,FALSE,,,,FALSE,TRUE,TRUE,,,
,,,,,FALSE,,,,FALSE,TRUE,TRUE,,,
,,,,,FALSE,,,,FALSE,TRUE,TRUE,,,
,,,,,FALSE,,,,FALSE,TRUE,TRUE,,,
,,,,,FALSE,,,,FALSE,TRUE,TRUE,,,
,,,,,FALSE,,,,FALSE,TRUE,TRUE,,,
,,,,,FALSE,,,,FALSE,TRUE,TRUE,,,
,,,,,FALSE,,,,FALSE,TRUE,TRUE,,,
,,,,,FALSE,,,,FALSE,TRUE,TRUE,,,
,,,,,FALSE,,,,FALSE,TRUE,TRUE,,,
,,,,,FALSE,,,,FALSE,TRUE,TRUE,,,
,,,,,FALSE,,,,FALSE,TRUE,TRUE,,,
,,,,,FALSE,,,,FALSE,TRUE,TRUE,,,
,,,,,FALSE,,,,FALSE,TRUE,TRUE,,,
,,,,,FALSE,,,,FALSE,TRUE,TRUE,,,
,,,,,FALSE,,,,FALSE,TRUE,TRUE,,,
,,,,,FALSE,,,,FALSE,TRUE,TRUE,,,
,,,,,FALSE,,,,FALSE,TRUE,TRUE,,,
,,,,,FALSE,,,,FALSE,TRUE,TRUE,,,
,,,,,FALSE,,,,FALSE,TRUE,TRUE,,,
,,,,,FALSE,,,,FALSE,TRUE,TRUE,,,
,,,,,FALSE,,,,FALSE,TRUE,TRUE,,,
,,,,,FALSE,,,,FALSE,TRUE,TRUE,,,
,,,,,FALSE,,,,FALSE,TRUE,TRUE,,,
,,,,,FALSE,,,,FALSE,TRUE,TRUE,,,
,,,,,FALSE,,,,FALSE,TRUE,TRUE,,,
,,,,,FALSE,,,,FALSE,TRUE,TRUE,,,
,,,,,FALSE,,,,FALSE,TRUE,TRUE,,,
,,,,,FALSE,,,,FALSE,TRUE,TRUE,,,
,,,,,FALSE,,,,FALSE,TRUE,TRUE,,,
,,,,,FALSE,,,,FALSE,TRUE,TRUE,,,
,,,,,FALSE,,,,FALSE,TRUE,TRUE,,,
,,,,,FALSE,,,,FALSE,TRUE,TRUE,,,
,,,,,FALSE,,,,FALSE,TRUE,TRUE,,,
,,,,,FALSE,,,,FALSE,TRUE,TRUE,,,
,,,,,FALSE,,,,FALSE,TRUE,TRUE,,,
,,,,,FALSE,,,,FALSE,TRUE,TRUE,,,
,,,,,FALSE,,,,FALSE,TRUE,TRUE,,,
,,,,,FALSE,,,,FALSE,TRUE,TRUE,,,
,,,,,FALSE,,,,FALSE,TRUE,TRUE,,,
,,,,,FALSE,,,,FALSE,TRUE,TRUE,,,
,,,,,FALSE,,,,FALSE,TRUE,TRUE,,,
,,,,,FALSE,,,,FALSE,TRUE,TRUE,,,
,,,,,FALSE,,,,FALSE,TRUE,TRUE,,,
,,,,,FALSE,,,,FALSE,TRUE,TRUE,,,
,,,,,FALSE,,,,FALSE,TRUE,TRUE,,,
,,,,,FALSE,,,,FALSE,TRUE,TRUE,,,
,,,,,FALSE,,,,FALSE,TRUE,TRUE,,,
,,,,,FALSE,,,,FALSE,TRUE,TRUE,,,
,,,,,FALSE,,,,FALSE,TRUE,TRUE,,,
,,,,,FALSE,,,,FALSE,TRUE,TRUE,,,
,,,,,FALSE,,,,FALSE,TRUE,TRUE,,,
,,,,,FALSE,,,,FALSE,TRUE,TRUE,,,
,,,,,FALSE,,,,FALSE,TRUE,TRUE,,,
,,,,,FALSE,,,,FALSE,TRUE,TRUE,,,
,,,,,FALSE,,,,FALSE,TRUE,TRUE,,,
,,,,,FALSE,,,,FALSE,TRUE,TRUE,,,
,,,,,FALSE,,,,FALSE,TRUE,TRUE,,,
,,,,,FALSE,,,,FALSE,TRUE,TRUE,,,
,,,,,FALSE,,,,FALSE,TRUE,TRUE,,,
,,,,,FALSE,,,,FALSE,TRUE,TRUE,,,
,,,,,FALSE,,,,FALSE,TRUE,TRUE,,,
,,,,,FALSE,,,,FALSE,TRUE,TRUE,,,
,,,,,FALSE,,,,FALSE,TRUE,TRUE,,,
,,,,,FALSE,,,,FALSE,TRUE,TRUE,,,
,,,,,FALSE,,,,FALSE,TRUE,TRUE,,,
,,,,,FALSE,,,,FALSE,TRUE,TRUE,,,
,,,,,FALSE,,,,FALSE,TRUE,TRUE,,,
,,,,,FALSE,,,,FALSE,TRUE,TRUE,,,
,,,,,FALSE,,,,FALSE,TRUE,TRUE,,,
,,,,,FALSE,,,,FALSE,TRUE,TRUE,,,
,,,,,FALSE,,,,FALSE,TRUE,TRUE,,,
,,,,,FALSE,,,,FALSE,TRUE,TRUE,,,
,,,,,FALSE,,,,FALSE,TRUE,TRUE,,,
,,,,,FALSE,,,,FALSE,TRUE,TRUE,,,
,,,,,FALSE,,,,FALSE,TRUE,TRUE,,,
,,,,,FALSE,,,,FALSE,TRUE,TRUE,,,
,,,,,FALSE,,,,FALSE,TRUE,TRUE,,,
,,,,,FALSE,,,,FALSE,TRUE,TRUE,,,
,,,,,FALSE,,,,FALSE,TRUE,TRUE,,,
,,,,,FALSE,,,,FALSE,TRUE,TRUE,,,
,,,,,FALSE,,,,FALSE,TRUE,TRUE,,,
,,,,,FALSE,,,,FALSE,TRUE,TRUE,,,
,,,,,FALSE,,,,FALSE,TRUE,TRUE,,,
,,,,,FALSE,,,,FALSE,TRUE,TRUE,,,
,,,,,FALSE,,,,FALSE,TRUE,TRUE,,,
,,,,,FALSE,,,,FALSE,TRUE,TRUE,,,
,,,,,FALSE,,,,FALSE,TRUE,TRUE,,,
,,,,,FALSE,,,,FALSE,TRUE,TRUE,,,
,,,,,FALSE,,,,FALSE,TRUE,TRUE,,,
,,,,,FALSE,,,,FALSE,TRUE,TRUE,,,
,,,,,FALSE,,,,FALSE,TRUE,TRUE,,,
,,,,,FALSE,,,,FALSE,TRUE,TRUE,,,
,,,,,FALSE,,,,FALSE,TRUE,TRUE,,,
,,,,,FALSE,,,,FALSE,TRUE,TRUE,,,
,,,,,FALSE,,,,FALSE,TRUE,TRUE,,,
,,,,,FALSE,,,,FALSE,TRUE,TRUE,,,
,,,,,FALSE,,,,FALSE,TRUE,TRUE,,,
,,,,,FALSE,,,,FALSE,TRUE,TRUE,,,
,,,,,FALSE,,,,FALSE,TRUE,TRUE,,,
,,,,,FALSE,,,,FALSE,TRUE,TRUE,,,
,,,,,FALSE,,,,FALSE,TRUE,TRUE,,,
,,,,,FALSE,,,,FALSE,TRUE,TRUE,,,
,,,,,FALSE,,,,FALSE,TRUE,TRUE,,,
,,,,,FALSE,,,,FALSE,TRUE,TRUE,,,
,,,,,FALSE,,,,FALSE,TRUE,TRUE,,,
,,,,,FALSE,,,,FALSE,TRUE,TRUE,,,
,,,,,FALSE,,,,FALSE,TRUE,TRUE,,,
,,,,,FALSE,,,,FALSE,TRUE,TRUE,,,
,,,,,FALSE,,,,FALSE,TRUE,TRUE,,,
,,,,,FALSE,,,,FALSE,TRUE,TRUE,,,
,,,,,FALSE,,,,FALSE,TRUE,TRUE,,,
,,,,,FALSE,,,,FALSE,TRUE,TRUE,,,
,,,,,FALSE,,,,FALSE,TRUE,TRUE,,,
,,,,,FALSE,,,,FALSE,TRUE,TRUE,,,
,,,,,FALSE,,,,FALSE,TRUE,TRUE,,,
,,,,,FALSE,,,,FALSE,TRUE,TRUE,,,
,,,,,FALSE,,,,FALSE,TRUE,TRUE,,,
,,,,,FALSE,,,,FALSE,TRUE,TRUE,,,
,,,,,FALSE,,,,FALSE,TRUE,TRUE,,,
,,,,,FALSE,,,,FALSE,TRUE,TRUE,,,
,,,,,FALSE,,,,FALSE,TRUE,TRUE,,,
,,,,,FALSE,,,,FALSE,TRUE,TRUE,,,